scheme,dataset,size_bytes,trial,p_sub,p_ins,p_del,replication,success,byte_accuracy,chunk_recovery,recovered_bytes,expected_chunks,recovered_chunks,total_bases,effective_bits_per_base,overhead,input_sha256,output_sha256,failures
s1,random,104857,0,0.002,0.0005,0.0005,1,0,0.021972781979267,0.02195121951219512,2304,410,9,460428,0.04003231775652219,1.0977521767740828,2991e60b70cb9d9187c7bc57c07b86baa757d361bd055bb53cff3623115344cc,2ec158bcbb49bfde971fa6487ddbb71f97a0f04637b57777286a643019467760,401
s1,random,104857,1,0.002,0.0005,0.0005,1,0,0.024414202199185556,0.024390243902439025,2560,410,10,460428,0.04448035306280244,1.0977521767740828,2991e60b70cb9d9187c7bc57c07b86baa757d361bd055bb53cff3623115344cc,7aedd84cf3fd9d353dcd007a3a2835c24efb37612da19763969365e2c7905805,400
s1,random,104857,2,0.002,0.0005,0.0005,1,0,0.03906272351869689,0.03902439024390244,4096,410,16,460428,0.0711685649004839,1.0977521767740828,2991e60b70cb9d9187c7bc57c07b86baa757d361bd055bb53cff3623115344cc,3e77fa44e4579e209ec5a398cadbeeb7461b46c4672dbd67f4a0ae0e311fda0f,394
s1,random,104857,3,0.002,0.0005,0.0005,1,0,0.01708994153942989,0.01951219512195122,2048,410,8,460428,0.03558428245024195,1.0977521767740828,2991e60b70cb9d9187c7bc57c07b86baa757d361bd055bb53cff3623115344cc,486b9aa258456411472bfe80fcfe314f4cb7f972dba8fa89500bd6ee854ee888,402
s1,random,104857,4,0.002,0.0005,0.0005,1,0,0.01708994153942989,0.01951219512195122,2048,410,8,460428,0.03558428245024195,1.0977521767740828,2991e60b70cb9d9187c7bc57c07b86baa757d361bd055bb53cff3623115344cc,f1fad4e50b35345eb901ee9c86f8e3fd0afa8690739276ae54fdb31300725194,402
s1,random,104857,5,0.002,0.0005,0.0005,1,0,0.02929704263902267,0.03170731707317073,3328,410,13,460428,0.057824458981643165,1.0977521767740828,2991e60b70cb9d9187c7bc57c07b86baa757d361bd055bb53cff3623115344cc,d90797baff7ad28efc6dbda473a71b0913305de10c06ee166c6fdd4e6d72713c,397
s1,random,104857,6,0.002,0.0005,0.0005,1,0,0.024414202199185556,0.024390243902439025,2560,410,10,460428,0.04448035306280244,1.0977521767740828,2991e60b70cb9d9187c7bc57c07b86baa757d361bd055bb53cff3623115344cc,8276ea5c002c69df7f51ebe889ee6c46ef22a6b20c26f4e14f83dcdbcbb5f459,400
s1,random,104857,7,0.002,0.0005,0.0005,1,0,0.021991855574735115,0.024390243902439025,2560,410,10,460428,0.04448035306280244,1.0977521767740828,2991e60b70cb9d9187c7bc57c07b86baa757d361bd055bb53cff3623115344cc,3f258224ee1ec3bcd67b318187e06164d042e0d3250b7b307eb8beb7a8446919,399
