scheme,dataset,size_bytes,trial,p_sub,p_ins,p_del,replication,success,byte_accuracy,chunk_recovery,recovered_bytes,expected_chunks,recovered_chunks,total_bases,effective_bits_per_base,overhead,input_sha256,output_sha256,failures
s1,random,104857,0,0.001,0.0005,0.0005,1,0,0.07812544703739378,0.08048780487804878,8448,410,33,460428,0.14678516510724804,1.0977521767740828,2991e60b70cb9d9187c7bc57c07b86baa757d361bd055bb53cff3623115344cc,96d92e05e9a4df5ef2ebf199809099100169693b2cb1d9e9e7fd4ea9562d1b06,377
s1,random,104857,1,0.001,0.0005,0.0005,1,0,0.061035505497963896,0.06341463414634146,6656,410,26,460428,0.11564891796328633,1.0977521767740828,2991e60b70cb9d9187c7bc57c07b86baa757d361bd055bb53cff3623115344cc,7f15fdcf196072865bf14e21f8355359616829e5a143e9cd5e1099b7789fed72,384
s1,random,104857,2,0.001,0.0005,0.0005,1,0,0.05762133190917154,0.06829268292682927,7065,410,28,460428,0.12275534937058563,1.0977521767740828,2991e60b70cb9d9187c7bc57c07b86baa757d361bd055bb53cff3623115344cc,ef32f53ab8c5b2d9b960845a578731a6f076c1b93f492458957f20a870792540,381
s1,random,104857,3,0.001,0.0005,0.0005,1,0,0.08544970769714945,0.09024390243902439,9472,410,37,460428,0.164577306332369,1.0977521767740828,2991e60b70cb9d9187c7bc57c07b86baa757d361bd055bb53cff3623115344cc,62f523955a34795f86467637cc33b73403ede07dbae71805889e26bc43dcd8ec,373
s1,random,104857,4,0.001,0.0005,0.0005,1,0,0.07812544703739378,0.08048780487804878,8448,410,33,460428,0.14678516510724804,1.0977521767740828,2991e60b70cb9d9187c7bc57c07b86baa757d361bd055bb53cff3623115344cc,70754c54774ba215963f070607e0f6abf076ee3b79d5692adcf9975921c9d61a,377
s1,random,104857,5,0.001,0.0005,0.0005,1,0,0.07080118637763812,0.07073170731707316,7424,410,29,460428,0.12899302388212708,1.0977521767740828,2991e60b70cb9d9187c7bc57c07b86baa757d361bd055bb53cff3623115344cc,1aa9df6c62614aad476f7982abc71b4b2b60b4b4d5b7fe6a9d0514f12a0baab6,381
s1,random,104857,6,0.001,0.0005,0.0005,1,0,0.09179167819029727,0.0951219512195122,9881,410,39,460428,0.1716837377396683,1.0977521767740828,2991e60b70cb9d9187c7bc57c07b86baa757d361bd055bb53cff3623115344cc,e66a6aa3929d1ac0bc2d36442f3555aadf4c8dd0c37fe96b67287fae65623302,371
s1,random,104857,7,0.001,0.0005,0.0005,1,0,0.053739855231410394,0.05609756097560976,5888,410,23,460428,0.10230481204444561,1.0977521767740828,2991e60b70cb9d9187c7bc57c07b86baa757d361bd055bb53cff3623115344cc,fce64187eace81f35e002f56d90f8856bd2e39d57b1933a8b841626ea90d5979,386
