scheme,dataset,size_bytes,trial,p_sub,p_ins,p_del,replication,success,byte_accuracy,chunk_recovery,recovered_bytes,expected_chunks,recovered_chunks,total_bases,effective_bits_per_base,overhead,input_sha256,output_sha256,failures
s1,random,104857,0,0.0,0.0005,0.0005,1,0,0.20409700830655084,0.2073170731707317,21657,410,85,460428,0.3762933618285595,1.0977521767740828,2991e60b70cb9d9187c7bc57c07b86baa757d361bd055bb53cff3623115344cc,1a8b2415dcc47a6ba3e793aa407c9ba431c5f528d0ef7bcc622736864647b17d,324
s1,random,104857,1,0.0,0.0005,0.0005,1,0,0.20263787825324012,0.20243902439024392,21248,410,83,460428,0.3691869304212602,1.0977521767740828,2991e60b70cb9d9187c7bc57c07b86baa757d361bd055bb53cff3623115344cc,c1e8a644dca7ad7bacfbc5369f3d99d18323d04c0a9f358746f6750cea3783e1,327
s1,random,104857,2,0.0,0.0005,0.0005,1,0,0.18456564654720237,0.1878048780487805,19609,410,77,460428,0.34070907937831757,1.0977521767740828,2991e60b70cb9d9187c7bc57c07b86baa757d361bd055bb53cff3623115344cc,16e5481a7b9ab49f59811b7bb0ac48abe9ce8d34f1367a7a414fd940e59bf7db,333
s1,random,104857,3,0.0,0.0005,0.0005,1,0,0.24170060177193703,0.24146341463414633,25344,410,99,460428,0.4403554953217441,1.0977521767740828,2991e60b70cb9d9187c7bc57c07b86baa757d361bd055bb53cff3623115344cc,7cb1101f79717a8763285a17a5ff2e7151945f84ef8369e2b7b2044c9fcc360d,311
s1,random,104857,4,0.0,0.0005,0.0005,1,0,0.21240355913291434,0.21707317073170732,22784,410,89,460428,0.39587514225894166,1.0977521767740828,2991e60b70cb9d9187c7bc57c07b86baa757d361bd055bb53cff3623115344cc,9c47744e7100ce6055a01a6fe6cb66117744eb52eade4bc82ff8eb101e05b36a,321
s1,random,104857,5,0.0,0.0005,0.0005,1,0,0.20996213891299578,0.2121951219512195,22272,410,87,460428,0.3869790716463812,1.0977521767740828,2991e60b70cb9d9187c7bc57c07b86baa757d361bd055bb53cff3623115344cc,dae25483cadb232cf1efc80a8b8a23e908f8571745dc2ca97f3ec0ca7463e293,323
s1,random,104857,6,0.0,0.0005,0.0005,1,0,0.18798935693372879,0.1878048780487805,19712,410,77,460428,0.3424987185835788,1.0977521767740828,2991e60b70cb9d9187c7bc57c07b86baa757d361bd055bb53cff3623115344cc,8202a3872b1655cbceb799d0550595ad1a093a8f5ed8d8f6e1f94bbd247b178e,333
s1,random,104857,7,0.0,0.0005,0.0005,1,0,0.20897984874638795,0.2146341463414634,22425,410,88,460428,0.38963746774740027,1.0977521767740828,2991e60b70cb9d9187c7bc57c07b86baa757d361bd055bb53cff3623115344cc,d5b794315119bbed8f75332c74d670ab6bbf5bf53ab3dd5aeed2a7e464983c93,322
