scheme,dataset,size_bytes,trial,p_sub,p_ins,p_del,replication,success,byte_accuracy,chunk_recovery,recovered_bytes,expected_chunks,recovered_chunks,total_bases,effective_bits_per_base,overhead,input_sha256,output_sha256,failures
s1,random,104857,0,0.0005,0.0005,0.0005,1,0,0.11620588038948282,0.11707317073170732,12185,410,48,460428,0.2117160554961905,1.0977521767740828,2991e60b70cb9d9187c7bc57c07b86baa757d361bd055bb53cff3623115344cc,8ffc1875d2bbe044f0d6b108b92276322f2549d602afac6eab8965264cfc0c73,362
s1,random,104857,1,0.0005,0.0005,0.0005,1,0,0.1172072441515588,0.12195121951219512,12800,410,50,460428,0.22240176531401218,1.0977521767740828,2991e60b70cb9d9187c7bc57c07b86baa757d361bd055bb53cff3623115344cc,486d02e1d0957796d89d231eead320377191c93e775e4d495bdbb5247748d791,359
s1,random,104857,2,0.0005,0.0005,0.0005,1,0,0.1294048084534175,0.13414634146341464,14080,410,55,460428,0.2446419418454134,1.0977521767740828,2991e60b70cb9d9187c7bc57c07b86baa757d361bd055bb53cff3623115344cc,c59ea3ca1479134665c0f637b3be28305bfe96c7cabca9fd4f74b24d26eb8658,354
s1,random,104857,3,0.0005,0.0005,0.0005,1,0,0.1440437929751948,0.14390243902439023,15104,410,59,460428,0.2624340830705344,1.0977521767740828,2991e60b70cb9d9187c7bc57c07b86baa757d361bd055bb53cff3623115344cc,c5df83e430978c8f34f936206753cd17c05a5b1a647dbd84272496e9f3c20513,351
s1,random,104857,4,0.0005,0.0005,0.0005,1,0,0.11962959077600924,0.12439024390243902,13056,410,51,460428,0.22684980062029242,1.0977521767740828,2991e60b70cb9d9187c7bc57c07b86baa757d361bd055bb53cff3623115344cc,db5a7bab3d3f09acb05717e7b34e1ba648ad49b9d2539539b835a42b3d978a53,358
s1,random,104857,5,0.0005,0.0005,0.0005,1,0,0.12451243121584635,0.12439024390243902,13056,410,51,460428,0.22684980062029242,1.0977521767740828,2991e60b70cb9d9187c7bc57c07b86baa757d361bd055bb53cff3623115344cc,31ad2134682626a7dcec0c43afebafc0c23e243e01367b94283a878af75ee7d1,359
s1,random,104857,6,0.0005,0.0005,0.0005,1,0,0.12353014104923848,0.12682926829268293,13209,410,52,460428,0.22950819672131148,1.0977521767740828,2991e60b70cb9d9187c7bc57c07b86baa757d361bd055bb53cff3623115344cc,0911f9103bb32ac701aa69d4a800c3ea35861cd03b11e9d65e734e251e23eb36,358
s1,random,104857,7,0.0005,0.0005,0.0005,1,0,0.1489266334150319,0.15121951219512195,15872,410,62,460428,0.2757781889893751,1.0977521767740828,2991e60b70cb9d9187c7bc57c07b86baa757d361bd055bb53cff3623115344cc,9975d2a704eb66d414ecb06fa2a27a91c438f2c4dd60886ad7240af3bd638dfe,348
