scheme,dataset,size_bytes,trial,p_sub,p_ins,p_del,replication,success,byte_accuracy,chunk_recovery,recovered_bytes,expected_chunks,recovered_chunks,total_bases,effective_bits_per_base,overhead,input_sha256,output_sha256,failures
s2,random,104857,0,0.001,0.0005,0.0005,1,0,0.019531361759348446,0.01951219512195122,2048,410,8,690642,0.023722854966827966,1.6466282651611241,2991e60b70cb9d9187c7bc57c07b86baa757d361bd055bb53cff3623115344cc,340a1d8bc608953d5f60f509b42d55481e1f77fc5f9a13bc467310e0c19279f1,402
s2,random,104857,1,0.001,0.0005,0.0005,1,0,0.01708994153942989,0.01707317073170732,1792,410,7,690642,0.02075749809597447,1.6466282651611241,2991e60b70cb9d9187c7bc57c07b86baa757d361bd055bb53cff3623115344cc,ac412bd70b58c2cfb20a1a76bc8b40fbb003bbf5cc2a55dcc349c983c95cdd03,403
s2,random,104857,2,0.001,0.0005,0.0005,1,0,0.009765680879674223,0.00975609756097561,1024,410,4,690642,0.011861427483413983,1.6466282651611241,2991e60b70cb9d9187c7bc57c07b86baa757d361bd055bb53cff3623115344cc,73d0a1da9d9d0e16308b0183ffdaf967a04000c36cdac594f229a4a1cfa44b17,406
s2,random,104857,3,0.001,0.0005,0.0005,1,0,0.02929704263902267,0.02926829268292683,3072,410,12,690642,0.03558428245024195,1.6466282651611241,2991e60b70cb9d9187c7bc57c07b86baa757d361bd055bb53cff3623115344cc,a24d2e5f70b3aa767c4a271b20dcf49745f47ffd4193b8e6fe44f9fdac0e2336,398
s2,random,104857,4,0.001,0.0005,0.0005,1,0,0.01708994153942989,0.01707317073170732,1792,410,7,690642,0.02075749809597447,1.6466282651611241,2991e60b70cb9d9187c7bc57c07b86baa757d361bd055bb53cff3623115344cc,defd11a95c551ead36c7585c979174e8a862412de65e4b3274aa6f05e8f8af02,403
s2,random,104857,5,0.001,0.0005,0.0005,1,0,0.01708994153942989,0.01707317073170732,1792,410,7,690642,0.02075749809597447,1.6466282651611241,2991e60b70cb9d9187c7bc57c07b86baa757d361bd055bb53cff3623115344cc,dfdf737b1fe0f5a4173675493b3e8211f6f05f05b4d37dddb24d8def39c23d9f,403
s2,random,104857,6,0.001,0.0005,0.0005,1,0,0.009765680879674223,0.012195121951219513,1280,410,5,690642,0.014826784354267479,1.6466282651611241,2991e60b70cb9d9187c7bc57c07b86baa757d361bd055bb53cff3623115344cc,aa2c20122c0ed90983751075786ab8ad8507373d31ed9989c10000742648ce61,405
s2,random,104857,7,0.001,0.0005,0.0005,1,0,0.01708994153942989,0.01707317073170732,1792,410,7,690642,0.02075749809597447,1.6466282651611241,2991e60b70cb9d9187c7bc57c07b86baa757d361bd055bb53cff3623115344cc,a9c1ce6a99a2e02051cbbcecfa6d56962de68c213726d3edba36feae44349725,403
