scheme,dataset,size_bytes,trial,p_sub,p_ins,p_del,replication,success,byte_accuracy,chunk_recovery,recovered_bytes,expected_chunks,recovered_chunks,total_bases,effective_bits_per_base,overhead,input_sha256,output_sha256,failures
s2,random,104857,0,0.003,0.0005,0.0005,1,0,0.0,0.0,0,410,0,690642,0.0,1.6466282651611241,2991e60b70cb9d9187c7bc57c07b86baa757d361bd055bb53cff3623115344cc,e3b0c44298fc1c149afbf4c8996fb92427ae41e4649b934ca495991b7852b855,410
s2,random,104857,1,0.003,0.0005,0.0005,1,0,0.0,0.0,0,410,0,690642,0.0,1.6466282651611241,2991e60b70cb9d9187c7bc57c07b86baa757d361bd055bb53cff3623115344cc,e3b0c44298fc1c149afbf4c8996fb92427ae41e4649b934ca495991b7852b855,410
s2,random,104857,2,0.003,0.0005,0.0005,1,0,0.0,0.0,0,410,0,690642,0.0,1.6466282651611241,2991e60b70cb9d9187c7bc57c07b86baa757d361bd055bb53cff3623115344cc,e3b0c44298fc1c149afbf4c8996fb92427ae41e4649b934ca495991b7852b855,410
s2,random,104857,3,0.003,0.0005,0.0005,1,0,0.0024414202199185557,0.0024390243902439024,256,410,1,690642,0.002965356870853496,1.6466282651611241,2991e60b70cb9d9187c7bc57c07b86baa757d361bd055bb53cff3623115344cc,c349fa919f5905c323b0ca4f5a3824bfa6f81749904102f1d87ef16dd0ed7a26,409
s2,random,104857,4,0.003,0.0005,0.0005,1,0,0.0,0.0,0,410,0,690642,0.0,1.6466282651611241,2991e60b70cb9d9187c7bc57c07b86baa757d361bd055bb53cff3623115344cc,e3b0c44298fc1c149afbf4c8996fb92427ae41e4649b934ca495991b7852b855,410
s2,random,104857,5,0.003,0.0005,0.0005,1,0,0.0,0.0,0,410,0,690642,0.0,1.6466282651611241,2991e60b70cb9d9187c7bc57c07b86baa757d361bd055bb53cff3623115344cc,e3b0c44298fc1c149afbf4c8996fb92427ae41e4649b934ca495991b7852b855,410
s2,random,104857,6,0.003,0.0005,0.0005,1,0,0.0,0.0,0,410,0,690642,0.0,1.6466282651611241,2991e60b70cb9d9187c7bc57c07b86baa757d361bd055bb53cff3623115344cc,e3b0c44298fc1c149afbf4c8996fb92427ae41e4649b934ca495991b7852b855,410
s2,random,104857,7,0.003,0.0005,0.0005,1,0,0.0,0.0,0,410,0,690642,0.0,1.6466282651611241,2991e60b70cb9d9187c7bc57c07b86baa757d361bd055bb53cff3623115344cc,e3b0c44298fc1c149afbf4c8996fb92427ae41e4649b934ca495991b7852b855,410
