scheme,dataset,size_bytes,trial,p_sub,p_ins,p_del,replication,success,byte_accuracy,chunk_recovery,recovered_bytes,expected_chunks,recovered_chunks,total_bases,effective_bits_per_base,overhead,input_sha256,output_sha256,failures
s2,random,104857,0,0.002,0.0005,0.0005,1,0,0.0014591300533106993,0.0024390243902439024,153,410,1,690642,0.0017722640673460345,1.6466282651611241,2991e60b70cb9d9187c7bc57c07b86baa757d361bd055bb53cff3623115344cc,d4b7d27897f504fd66c79f26d83131d067c6086894ec2c5d8bc1ba1554845c38,409
s2,random,104857,1,0.002,0.0005,0.0005,1,0,0.0048828404398371114,0.004878048780487805,512,410,2,690642,0.005930713741706992,1.6466282651611241,2991e60b70cb9d9187c7bc57c07b86baa757d361bd055bb53cff3623115344cc,e3c99b13f6631f825771077dad9525b20ac0ea66723041a2e7fdeadc9d986c15,408
s2,random,104857,2,0.002,0.0005,0.0005,1,0,0.0024414202199185557,0.0024390243902439024,256,410,1,690642,0.002965356870853496,1.6466282651611241,2991e60b70cb9d9187c7bc57c07b86baa757d361bd055bb53cff3623115344cc,c860fe80b83594045e7ea7f3e3c62c131d3d2e0e52cdbde3cd902eb9827eb403,409
s2,random,104857,3,0.002,0.0005,0.0005,1,0,0.0024414202199185557,0.0024390243902439024,256,410,1,690642,0.002965356870853496,1.6466282651611241,2991e60b70cb9d9187c7bc57c07b86baa757d361bd055bb53cff3623115344cc,6fbbe0e920ffc3e7ab7d3200644d6c2b3ce2ad5c0d811461a39c7b303977833c,409
s2,random,104857,4,0.002,0.0005,0.0005,1,0,0.0,0.0,0,410,0,690642,0.0,1.6466282651611241,2991e60b70cb9d9187c7bc57c07b86baa757d361bd055bb53cff3623115344cc,e3b0c44298fc1c149afbf4c8996fb92427ae41e4649b934ca495991b7852b855,410
s2,random,104857,5,0.002,0.0005,0.0005,1,0,0.0024414202199185557,0.0024390243902439024,256,410,1,690642,0.002965356870853496,1.6466282651611241,2991e60b70cb9d9187c7bc57c07b86baa757d361bd055bb53cff3623115344cc,79c93699c25efa3c8f8f7b612bde97fc7071c067d335b2af6eb9db564767d6ca,409
s2,random,104857,6,0.002,0.0005,0.0005,1,0,0.0,0.0,0,410,0,690642,0.0,1.6466282651611241,2991e60b70cb9d9187c7bc57c07b86baa757d361bd055bb53cff3623115344cc,e3b0c44298fc1c149afbf4c8996fb92427ae41e4649b934ca495991b7852b855,410
s2,random,104857,7,0.002,0.0005,0.0005,1,0,0.009765680879674223,0.00975609756097561,1024,410,4,690642,0.011861427483413983,1.6466282651611241,2991e60b70cb9d9187c7bc57c07b86baa757d361bd055bb53cff3623115344cc,5156ff6951e1ecc7aa534692c3fc8041f0f7f0123c9f9342ce8acc464975b2a1,406
