scheme,dataset,size_bytes,trial,p_sub,p_ins,p_del,replication,success,byte_accuracy,chunk_recovery,recovered_bytes,expected_chunks,recovered_chunks,total_bases,effective_bits_per_base,overhead,input_sha256,output_sha256,failures
s2,random,104857,0,0.0,0.0005,0.0005,1,0,0.09521538857682367,0.0951219512195122,9984,410,39,690642,0.11564891796328633,1.6466282651611241,2991e60b70cb9d9187c7bc57c07b86baa757d361bd055bb53cff3623115344cc,202cb5f91a6ae436b9a7ed0dc29d277dda7f26b749bb91e0a3cfbc7f25430f38,371
s2,random,104857,1,0.0,0.0005,0.0005,1,0,0.10009822901666078,0.1,10496,410,41,690642,0.12157963170499332,1.6466282651611241,2991e60b70cb9d9187c7bc57c07b86baa757d361bd055bb53cff3623115344cc,29e3b089e93cbaee232eba8047618ab90bbeb9be10579436f1a60651c22420b4,369
s2,random,104857,2,0.0,0.0005,0.0005,1,0,0.09033254813698656,0.09024390243902439,9472,410,37,690642,0.10971820422157934,1.6466282651611241,2991e60b70cb9d9187c7bc57c07b86baa757d361bd055bb53cff3623115344cc,a5477602442e094357b30a2583757b9178565d46df3dd9f71a9b01f718e2be35,373
s2,random,104857,3,0.0,0.0005,0.0005,1,0,0.11718817055609068,0.11707317073170732,12288,410,48,690642,0.1423371298009678,1.6466282651611241,2991e60b70cb9d9187c7bc57c07b86baa757d361bd055bb53cff3623115344cc,55deca238647f5ee964f6a555c2f0a3144fc2939563d0941979730337a08dace,362
s2,random,104857,4,0.0,0.0005,0.0005,1,0,0.087891127917068,0.08780487804878048,9216,410,36,690642,0.10675284735072585,1.6466282651611241,2991e60b70cb9d9187c7bc57c07b86baa757d361bd055bb53cff3623115344cc,cfc7646e647c401ee62d487272523c7a73de51affaae28be69fb7ca23ac9f92a,374
s2,random,104857,5,0.0,0.0005,0.0005,1,0,0.13916095253535768,0.13902439024390245,14592,410,57,690642,0.16902534163864927,1.6466282651611241,2991e60b70cb9d9187c7bc57c07b86baa757d361bd055bb53cff3623115344cc,dcb90ea0bc41359e22b857301151c82aca73681307d08d33ec998af03c6d3feb,353
s2,random,104857,6,0.0,0.0005,0.0005,1,0,0.12207101099592779,0.12195121951219512,12800,410,50,690642,0.14826784354267478,1.6466282651611241,2991e60b70cb9d9187c7bc57c07b86baa757d361bd055bb53cff3623115344cc,5d2ca01a93d54ebad010cd0becf71577deb8870c2a7e179725034cab08c6909f,360
s2,random,104857,7,0.0,0.0005,0.0005,1,0,0.09277396835690511,0.09268292682926829,9728,410,38,690642,0.11268356109243284,1.6466282651611241,2991e60b70cb9d9187c7bc57c07b86baa757d361bd055bb53cff3623115344cc,051e1ac74c085127b7673d4c4a3cd69d81fe7a03a5891ffa35ded1a884066dd0,372
