scheme,dataset,size_bytes,trial,p_sub,p_ins,p_del,replication,success,byte_accuracy,chunk_recovery,recovered_bytes,expected_chunks,recovered_chunks,total_bases,effective_bits_per_base,overhead,input_sha256,output_sha256,failures
s2,random,104857,0,0.0005,0.0005,0.0005,1,0,0.06347692571788245,0.06341463414634146,6656,410,26,690642,0.07709927864219089,1.6466282651611241,2991e60b70cb9d9187c7bc57c07b86baa757d361bd055bb53cff3623115344cc,e8bcbc5aa0547659dab4eb0d18f2198256629c937c96500d633d627cce0c584d,384
s2,random,104857,1,0.0005,0.0005,0.0005,1,0,0.05126982461828967,0.05121951219512195,5376,410,21,690642,0.06227249428792341,1.6466282651611241,2991e60b70cb9d9187c7bc57c07b86baa757d361bd055bb53cff3623115344cc,77ec4594567bb9f6247ec25ad144f93d98dc4942ecd539859e0faf68af808069,389
s2,random,104857,2,0.0005,0.0005,0.0005,1,0,0.06835976615771956,0.06829268292682927,7168,410,28,690642,0.08302999238389788,1.6466282651611241,2991e60b70cb9d9187c7bc57c07b86baa757d361bd055bb53cff3623115344cc,e0561cd0c8b30da39b96000dd3652af4b3a3364c47483f13d021ad0f9bf86bb2,382
s2,random,104857,3,0.0005,0.0005,0.0005,1,0,0.04638698417845256,0.046341463414634146,4864,410,19,690642,0.05634178054621642,1.6466282651611241,2991e60b70cb9d9187c7bc57c07b86baa757d361bd055bb53cff3623115344cc,e077dd04c99e79127c4d983091315fd2cd63921bf09ccd418a2048f0ca6d3f35,391
s2,random,104857,4,0.0005,0.0005,0.0005,1,0,0.043945563958534,0.04390243902439024,4608,410,18,690642,0.053376423675362925,1.6466282651611241,2991e60b70cb9d9187c7bc57c07b86baa757d361bd055bb53cff3623115344cc,aaec924197fe817d29ae362167b520af5a96c3b83453ba4196ac59be293b0766,392
s2,random,104857,5,0.0005,0.0005,0.0005,1,0,0.04638698417845256,0.046341463414634146,4864,410,19,690642,0.05634178054621642,1.6466282651611241,2991e60b70cb9d9187c7bc57c07b86baa757d361bd055bb53cff3623115344cc,91a35e1977e213f35701a1590d29d23a35e9f7dce212fd4208b34b56ded38755,391
s2,random,104857,6,0.0005,0.0005,0.0005,1,0,0.031738462858941226,0.03170731707317073,3328,410,13,690642,0.038549639321095445,1.6466282651611241,2991e60b70cb9d9187c7bc57c07b86baa757d361bd055bb53cff3623115344cc,1098feb743b4ef25c9a010254f2f939eff658effb523578208dddb0d2ca2b8e3,397
s2,random,104857,7,0.0005,0.0005,0.0005,1,0,0.043945563958534,0.04390243902439024,4608,410,18,690642,0.053376423675362925,1.6466282651611241,2991e60b70cb9d9187c7bc57c07b86baa757d361bd055bb53cff3623115344cc,330e421c04c1648d46e3bcf8c17c2d6586dbf9b160cd7f7157fedfd3655a810c,392
