scheme,dataset,size_bytes,trial,p_sub,p_ins,p_del,replication,success,byte_accuracy,chunk_recovery,recovered_bytes,expected_chunks,recovered_chunks,total_bases,effective_bits_per_base,overhead,input_sha256,output_sha256,failures
s3,random,20971,0,0.0002,0.003,0.003,5,0,0.0,0.0,0,21,0,3997260,0.0,47.65223403748033,754e50acb0e460cd96a1b7ab4d347ed6bbe1f0ae3c3111c551285c1371d4abd1,e3b0c44298fc1c149afbf4c8996fb92427ae41e4649b934ca495991b7852b855,105
s3,random,20971,1,0.0002,0.003,0.003,5,0,0.0,0.0,0,21,0,3997260,0.0,47.65223403748033,754e50acb0e460cd96a1b7ab4d347ed6bbe1f0ae3c3111c551285c1371d4abd1,e3b0c44298fc1c149afbf4c8996fb92427ae41e4649b934ca495991b7852b855,105
s3,random,20971,2,0.0002,0.003,0.003,5,0,0.0,0.0,0,21,0,3997260,0.0,47.65223403748033,754e50acb0e460cd96a1b7ab4d347ed6bbe1f0ae3c3111c551285c1371d4abd1,e3b0c44298fc1c149afbf4c8996fb92427ae41e4649b934ca495991b7852b855,105
s3,random,20971,3,0.0002,0.003,0.003,5,0,0.0,0.0,0,21,0,3997260,0.0,47.65223403748033,754e50acb0e460cd96a1b7ab4d347ed6bbe1f0ae3c3111c551285c1371d4abd1,e3b0c44298fc1c149afbf4c8996fb92427ae41e4649b934ca495991b7852b855,105
