scheme,gc_mean,max_homopolymer_mean
s1,0.48838239161916114,17.829268292682926
