scheme,dataset,size_bytes,trial,p_sub,p_ins,p_del,replication,success,byte_accuracy,chunk_recovery,recovered_bytes,expected_chunks,recovered_chunks,total_bases,effective_bits_per_base,overhead,input_sha256,output_sha256,failures
s2,random,20971,0,0.0005,0.001,0.001,1,0,0.09665728863668877,0.0975609756097561,2027,164,16,150426,0.10780051320915267,1.7932621238853654,754e50acb0e460cd96a1b7ab4d347ed6bbe1f0ae3c3111c551285c1371d4abd1,5686edaeb9405cab4b0e1c9b61d22695da94c1b43077a6f186bfad98820a9d1f,148
s2,random,20971,1,0.0005,0.001,0.001,1,0,0.08545133756139431,0.09146341463414634,1920,164,15,150426,0.10211000757847713,1.7932621238853654,754e50acb0e460cd96a1b7ab4d347ed6bbe1f0ae3c3111c551285c1371d4abd1,30bff4fb97885b7bc749bea81a5ca4f9f348ceb1c37dd8a1611af4a67f5fa8c7,149
s2,random,20971,2,0.0005,0.001,0.001,1,0,0.11596967240474941,0.11585365853658537,2432,164,19,150426,0.1293393429327377,1.7932621238853654,754e50acb0e460cd96a1b7ab4d347ed6bbe1f0ae3c3111c551285c1371d4abd1,569011bc5075de10fe5bf782aa5257a1d8a6c013f41595ae2ef77314509d7a99,145
s2,random,20971,3,0.0005,0.001,0.001,1,0,0.09055362166801774,0.09146341463414634,1899,164,15,150426,0.10099317937058754,1.7932621238853654,754e50acb0e460cd96a1b7ab4d347ed6bbe1f0ae3c3111c551285c1371d4abd1,f647c398bdde0563e70b6aa3726f29e5b1e9a65ddc8111ea94b52285fbab7450,149
