scheme,dataset,size_bytes,trial,p_sub,p_ins,p_del,replication,success,byte_accuracy,chunk_recovery,recovered_bytes,expected_chunks,recovered_chunks,total_bases,effective_bits_per_base,overhead,input_sha256,output_sha256,failures
s3,random,20971,0,0.0005,0.001,0.001,3,0,0.03051833484335511,0.03048780487804878,640,164,5,999216,0.005124017229507934,11.911878308139812,754e50acb0e460cd96a1b7ab4d347ed6bbe1f0ae3c3111c551285c1371d4abd1,7edbc839460324c2cfe8942b15272f17822f02c1bd0ec5404c4fe33bed6c1de7,487
s3,random,20971,1,0.0005,0.001,0.001,3,0,0.024414667874684087,0.024390243902439025,512,164,4,999216,0.004099213783606347,11.911878308139812,754e50acb0e460cd96a1b7ab4d347ed6bbe1f0ae3c3111c551285c1371d4abd1,f0c007f24b6275a009ebeadbc8ee74bac1729d16bd2c29806194b5c4b0aba5e3,488
s3,random,20971,2,0.0005,0.001,0.001,3,0,0.042725668780697154,0.042682926829268296,896,164,7,999216,0.007173624121311108,11.911878308139812,754e50acb0e460cd96a1b7ab4d347ed6bbe1f0ae3c3111c551285c1371d4abd1,3602d67fbdb0f20096a3c91b8e2a4f6b0af22c919dddd3339c06b661736b8538,485
s3,random,20971,3,0.0005,0.001,0.001,3,0,0.024414667874684087,0.024390243902439025,512,164,4,999216,0.004099213783606347,11.911878308139812,754e50acb0e460cd96a1b7ab4d347ed6bbe1f0ae3c3111c551285c1371d4abd1,47d0fb1450bc23018340e163cc776f0b13b619224e0764684d2f67d5ff4cfdba,488
