scheme,dataset,size_bytes,trial,p_sub,p_ins,p_del,replication,success,byte_accuracy,chunk_recovery,recovered_bytes,expected_chunks,recovered_chunks,total_bases,effective_bits_per_base,overhead,input_sha256,output_sha256,failures
s3,random,20971,0,0.0,0.001,0.001,3,0,0.07324400362405226,0.07317073170731707,1536,164,12,999216,0.012297641350819042,11.911878308139812,754e50acb0e460cd96a1b7ab4d347ed6bbe1f0ae3c3111c551285c1371d4abd1,4b7cb90280bac1fd71f6e2c2af1c47fbc0c7de9622e07d85c20db1e91adb2225,480
s3,random,20971,1,0.0,0.001,0.001,3,0,0.06103666968671022,0.06097560975609756,1280,164,10,999216,0.010248034459015868,11.911878308139812,754e50acb0e460cd96a1b7ab4d347ed6bbe1f0ae3c3111c551285c1371d4abd1,612001aeebb48b1ad7b641c6672af3c98d0f7242eb95a674115833960fecba46,482
s3,random,20971,2,0.0,0.001,0.001,3,0,0.04882933574936817,0.04878048780487805,1024,164,8,999216,0.008198427567212695,11.911878308139812,754e50acb0e460cd96a1b7ab4d347ed6bbe1f0ae3c3111c551285c1371d4abd1,5bd571deb2b572aaad8cacfa48743834ad3ca0ba409a4b285b882168dad363f6,483
s3,random,20971,3,0.0,0.001,0.001,3,0,0.06103666968671022,0.06097560975609756,1280,164,10,999216,0.010248034459015868,11.911878308139812,754e50acb0e460cd96a1b7ab4d347ed6bbe1f0ae3c3111c551285c1371d4abd1,2567739c415c6a054862e6a7e66e1eba67bb1f9ed4245c98126d8a232bebd274,482
