scheme,dataset,size_bytes,trial,p_sub,p_ins,p_del,replication,success,byte_accuracy,chunk_recovery,recovered_bytes,expected_chunks,recovered_chunks,total_bases,effective_bits_per_base,overhead,input_sha256,output_sha256,failures
s3,random,20971,0,0.0002,0.001,0.001,3,0,0.04882933574936817,0.04878048780487805,1024,164,8,999216,0.008198427567212695,11.911878308139812,754e50acb0e460cd96a1b7ab4d347ed6bbe1f0ae3c3111c551285c1371d4abd1,aa072f81186bee450e7a67460cca3880b3a08220592b805091fbc90e32625414,484
s3,random,20971,1,0.0002,0.001,0.001,3,0,0.03662200181202613,0.036585365853658534,768,164,6,999216,0.006148820675409521,11.911878308139812,754e50acb0e460cd96a1b7ab4d347ed6bbe1f0ae3c3111c551285c1371d4abd1,aef61850aed5b4345b9a4a28681879adf7cd1cb248b5766801a39768079e3799,486
s3,random,20971,2,0.0002,0.001,0.001,3,0,0.042725668780697154,0.042682926829268296,896,164,7,999216,0.007173624121311108,11.911878308139812,754e50acb0e460cd96a1b7ab4d347ed6bbe1f0ae3c3111c551285c1371d4abd1,bd7401c9d050eca157b7b7b5311c72f182ebc86c9e3b5ad85dbd2d5e9ab6cf5e,483
s3,random,20971,3,0.0002,0.001,0.001,3,0,0.03662200181202613,0.036585365853658534,768,164,6,999216,0.006148820675409521,11.911878308139812,754e50acb0e460cd96a1b7ab4d347ed6bbe1f0ae3c3111c551285c1371d4abd1,cb2b684ca93fa2b26742ef4b683785485c9f83a4874756bf02958bb44451f17b,486
