scheme,dataset,size_bytes,trial,p_sub,p_ins,p_del,replication,success,byte_accuracy,chunk_recovery,recovered_bytes,expected_chunks,recovered_chunks,total_bases,effective_bits_per_base,overhead,input_sha256,output_sha256,failures
s1,random,20971,0,0.001,0.001,0.001,1,0,0.3143388488865576,0.31402439024390244,6592,328,103,116684,0.451955709437455,1.3910161651804873,754e50acb0e460cd96a1b7ab4d347ed6bbe1f0ae3c3111c551285c1371d4abd1,5c71ab53211ad50c3719b7707e7a4f1d9c134b7931fb35fb6da01dbb2ab51c98,225
s1,random,20971,1,0.001,0.001,0.001,1,0,0.3510085355967765,0.36585365853658536,7680,328,120,116684,0.5265503410921806,1.3910161651804873,754e50acb0e460cd96a1b7ab4d347ed6bbe1f0ae3c3111c551285c1371d4abd1,c9a1fe93482f0e93a983c6532e977ba37b46eb844734aa13025e7bb874fed98d,207
s1,random,20971,2,0.001,0.001,0.001,1,0,0.3265461828238997,0.3323170731707317,6976,328,109,116684,0.47828322649206406,1.3910161651804873,754e50acb0e460cd96a1b7ab4d347ed6bbe1f0ae3c3111c551285c1371d4abd1,243b83add91e4ed3c64a7f6a5427fa4f8775d68c549a7494e4957f7d8b78934d,218
s1,random,20971,3,0.001,0.001,0.001,1,0,0.31438653378475034,0.3170731707317073,6656,328,104,116684,0.4563436289465565,1.3910161651804873,754e50acb0e460cd96a1b7ab4d347ed6bbe1f0ae3c3111c551285c1371d4abd1,aed5e679f6ffc22d4975efe8233eb6d1c25d8232d79fb261ab4f382d2508ca37,224
