scheme,dataset,size_bytes,trial,p_sub,p_ins,p_del,replication,success,byte_accuracy,chunk_recovery,recovered_bytes,expected_chunks,recovered_chunks,total_bases,effective_bits_per_base,overhead,input_sha256,output_sha256,failures
s1,random,20971,0,0.0002,0.001,0.001,1,0,0.3814791855419389,0.38414634146341464,8064,328,126,116684,0.5528778581467896,1.3910161651804873,754e50acb0e460cd96a1b7ab4d347ed6bbe1f0ae3c3111c551285c1371d4abd1,1e0e90352eb9384cc7738a4f3524edc7c2f2781aecc3c429b6a28540a7cb38c3,202
s1,random,20971,1,0.0002,0.001,0.001,1,0,0.4608745410328549,0.4725609756097561,9920,328,155,116684,0.6801275239107333,1.3910161651804873,754e50acb0e460cd96a1b7ab4d347ed6bbe1f0ae3c3111c551285c1371d4abd1,7f33df7a8349b5701aee0ec9877ef64016cad1a04417a7de6286bbbbf4466d7c,173
s1,random,20971,2,0.0002,0.001,0.001,1,0,0.418101187353965,0.4176829268292683,8768,328,137,116684,0.6011449727469061,1.3910161651804873,754e50acb0e460cd96a1b7ab4d347ed6bbe1f0ae3c3111c551285c1371d4abd1,0fa1150446b63251b2c9b73115428fb35295bdf43f3283c59abf1ef2009c4970,191
s1,random,20971,3,0.0002,0.001,0.001,1,0,0.42015163797625293,0.42378048780487804,8875,328,139,116684,0.6084810256761852,1.3910161651804873,754e50acb0e460cd96a1b7ab4d347ed6bbe1f0ae3c3111c551285c1371d4abd1,980e055b708070952e11f0e86d7785d19421fb4762a22497247d1fe08a8a8e23,189
