scheme,dataset,size_bytes,trial,p_sub,p_ins,p_del,replication,success,byte_accuracy,chunk_recovery,recovered_bytes,expected_chunks,recovered_chunks,total_bases,effective_bits_per_base,overhead,input_sha256,output_sha256,failures
s1,random,20971,0,0.0,0.001,0.001,1,0,0.35401268418291926,0.35365853658536583,7424,328,116,116684,0.5089986630557746,1.3910161651804873,754e50acb0e460cd96a1b7ab4d347ed6bbe1f0ae3c3111c551285c1371d4abd1,989e9b6253802ab51fcdac55c1f64eddf5a00687321541c1a1c28d28f329ee45,212
s1,random,20971,1,0.0,0.001,0.001,1,0,0.4425158552286491,0.4451219512195122,9344,328,146,116684,0.6406362483288197,1.3910161651804873,754e50acb0e460cd96a1b7ab4d347ed6bbe1f0ae3c3111c551285c1371d4abd1,0b6ac036a679280eb323c3782acf5a65bce8bc14864ed8b0dbd4a02ee859c614,182
s1,random,20971,2,0.0,0.001,0.001,1,0,0.40894568690095845,0.40853658536585363,8576,328,134,116684,0.5879812142196017,1.3910161651804873,754e50acb0e460cd96a1b7ab4d347ed6bbe1f0ae3c3111c551285c1371d4abd1,1c12763d5e25daee26aed1948fb082d32c20996b6e79721b542d17859293fb33,194
s1,random,20971,3,0.0,0.001,0.001,1,0,0.4262553049449239,0.4298780487804878,9003,328,141,116684,0.6172568646943882,1.3910161651804873,754e50acb0e460cd96a1b7ab4d347ed6bbe1f0ae3c3111c551285c1371d4abd1,370a89f197e76132b235d815ee61cbc85c2460f480b10292c0c2960f7117a3d0,187
