scheme,dataset,size_bytes,trial,p_sub,p_ins,p_del,replication,success,byte_accuracy,chunk_recovery,recovered_bytes,expected_chunks,recovered_chunks,total_bases,effective_bits_per_base,overhead,input_sha256,output_sha256,failures
s1,random,20971,0,0.0005,0.001,0.001,1,0,0.3316484669305231,0.34146341463414637,7147,328,112,116684,0.49000719893044464,1.3910161651804873,754e50acb0e460cd96a1b7ab4d347ed6bbe1f0ae3c3111c551285c1371d4abd1,7a5a5bcf896ee9e5e2a44e9c128549098fd68e30b68b04f6a4723eba46f9567f,215
s1,random,20971,1,0.0005,0.001,0.001,1,0,0.3926851366172333,0.3932926829268293,8235,328,129,116684,0.5646018305851702,1.3910161651804873,754e50acb0e460cd96a1b7ab4d347ed6bbe1f0ae3c3111c551285c1371d4abd1,1dbcd145fbec378901c66dc4db321fd6410cc2f6f426e3ccaea555ff7b14c8a0,199
s1,random,20971,2,0.0005,0.001,0.001,1,0,0.3631681846359258,0.36585365853658536,7680,328,120,116684,0.5265503410921806,1.3910161651804873,754e50acb0e460cd96a1b7ab4d347ed6bbe1f0ae3c3111c551285c1371d4abd1,44fb4f064daa64593059c33c9fc58a665105e9ea39647f671a5b66518874c751,208
s1,random,20971,3,0.0005,0.001,0.001,1,0,0.3357016832769062,0.3384146341463415,7104,328,111,116684,0.48705906551026706,1.3910161651804873,754e50acb0e460cd96a1b7ab4d347ed6bbe1f0ae3c3111c551285c1371d4abd1,9e959885815977b0e0671d215c458bd7fda0f8070fea29ea7e3ddff264fd4b04,217
