scheme,dataset,size_bytes,trial,p_sub,p_ins,p_del,replication,success,byte_accuracy,chunk_recovery,recovered_bytes,expected_chunks,recovered_chunks,total_bases,effective_bits_per_base,overhead,input_sha256,output_sha256,failures
s2,random,20971,0,0.0002,0.001,0.001,1,0,0.26550951313718946,0.2652439024390244,5568,328,87,175026,0.2544993315278873,2.086524247770731,754e50acb0e460cd96a1b7ab4d347ed6bbe1f0ae3c3111c551285c1371d4abd1,6c4f8bc603e5ef7a99529db8cc45b3237b6f1bde2df1e0d1218f1a34cbf1860f,241
s2,random,20971,1,0.0002,0.001,0.001,1,0,0.26550951313718946,0.2652439024390244,5568,328,87,175026,0.2544993315278873,2.086524247770731,754e50acb0e460cd96a1b7ab4d347ed6bbe1f0ae3c3111c551285c1371d4abd1,c8c89ec002f129e2235a4a8cf9b2cb133105843d71a01f49dbff2dc5811dbcc4,241
s2,random,20971,2,0.0002,0.001,0.001,1,0,0.2919746316341615,0.2926829268292683,6123,328,96,175026,0.27986699118988034,2.086524247770731,754e50acb0e460cd96a1b7ab4d347ed6bbe1f0ae3c3111c551285c1371d4abd1,d8c88ac7e3059504f43d8161cd50a65c8a2f60c6a407da00883a94028669ea6b,232
s2,random,20971,3,0.0002,0.001,0.001,1,0,0.3112870154022221,0.31097560975609756,6528,328,102,175026,0.29837852661890235,2.086524247770731,754e50acb0e460cd96a1b7ab4d347ed6bbe1f0ae3c3111c551285c1371d4abd1,832d431f3bc667725a0e2eb6b14c74c7d61056e4121050f3ad4f8e1b8eb66415,226
