scheme,dataset,size_bytes,trial,p_sub,p_ins,p_del,replication,success,byte_accuracy,chunk_recovery,recovered_bytes,expected_chunks,recovered_chunks,total_bases,effective_bits_per_base,overhead,input_sha256,output_sha256,failures
s2,random,20971,0,0.001,0.001,0.001,1,0,0.16174717466978208,0.16158536585365854,3392,328,53,175026,0.15503982265491983,2.086524247770731,754e50acb0e460cd96a1b7ab4d347ed6bbe1f0ae3c3111c551285c1371d4abd1,f9683d0e64b85ce5dc7f1b7b3e173fa0cf8e767efa57f565ba71c2066f8892a8,275
s2,random,20971,1,0.001,0.001,0.001,1,0,0.16990129226074102,0.17378048780487804,3627,328,57,175026,0.16578108395324123,2.086524247770731,754e50acb0e460cd96a1b7ab4d347ed6bbe1f0ae3c3111c551285c1371d4abd1,3d6ada6d369b44ef325d96f45e340d7802076e0bc0bf12b4aed3089d71cc1434,271
s2,random,20971,2,0.001,0.001,0.001,1,0,0.19736779361976062,0.19817073170731708,4139,328,65,175026,0.18918332133511592,2.086524247770731,754e50acb0e460cd96a1b7ab4d347ed6bbe1f0ae3c3111c551285c1371d4abd1,421c41d8bd34d4d62f43cdd4cdf127bff0d63be8449af46606ca8a3eb31cd9a6,263
s2,random,20971,3,0.001,0.001,0.001,1,0,0.1983691764818082,0.20426829268292682,4288,328,67,175026,0.19599373807320056,2.086524247770731,754e50acb0e460cd96a1b7ab4d347ed6bbe1f0ae3c3111c551285c1371d4abd1,1e67d7280c757cf905fc7a069617002294ab5de2d5d96083a39d2912e0972d4b,261
