scheme,dataset,size_bytes,trial,p_sub,p_ins,p_del,replication,success,byte_accuracy,chunk_recovery,recovered_bytes,expected_chunks,recovered_chunks,total_bases,effective_bits_per_base,overhead,input_sha256,output_sha256,failures
s2,random,20971,0,0.0,0.001,0.001,1,0,0.3357016832769062,0.3384146341463415,7104,328,111,175026,0.32470604367351136,2.086524247770731,754e50acb0e460cd96a1b7ab4d347ed6bbe1f0ae3c3111c551285c1371d4abd1,5ad91f84cb2c4c73d1fa85eabc749778d17ca9a9ffcf616659ad45e1bb0c0bd7,217
s2,random,20971,1,0.0,0.001,0.001,1,0,0.3082351819178866,0.3079268292682927,6464,328,101,175026,0.295453246946168,2.086524247770731,754e50acb0e460cd96a1b7ab4d347ed6bbe1f0ae3c3111c551285c1371d4abd1,29100363ad7ce77549903aaa2d6a6cec0580a98021d03b0f0d3fb79f1b19d47e,227
s2,random,20971,2,0.0,0.001,0.001,1,0,0.29907968146488007,0.29878048780487804,6272,328,98,175026,0.286677407927965,2.086524247770731,754e50acb0e460cd96a1b7ab4d347ed6bbe1f0ae3c3111c551285c1371d4abd1,de3a07d6f760d421fb74da5775c3933a2512eb9f1a705c7df958b5fa94de08fc,230
s2,random,20971,3,0.0,0.001,0.001,1,0,0.29907968146488007,0.29878048780487804,6272,328,98,175026,0.286677407927965,2.086524247770731,754e50acb0e460cd96a1b7ab4d347ed6bbe1f0ae3c3111c551285c1371d4abd1,20448679c0a642dedaec2c2f888cf96ddb2eb8e097fa283b915089eaf8b3345c,230
