scheme,dataset,size_bytes,trial,p_sub,p_ins,p_del,replication,success,byte_accuracy,chunk_recovery,recovered_bytes,expected_chunks,recovered_chunks,total_bases,effective_bits_per_base,overhead,input_sha256,output_sha256,failures
s2,random,20971,0,0.0005,0.001,0.001,1,0,0.26245767965285394,0.2652439024390244,5568,328,87,175026,0.2544993315278873,2.086524247770731,754e50acb0e460cd96a1b7ab4d347ed6bbe1f0ae3c3111c551285c1371d4abd1,063483f5e26288104035d03459cc89f92fe760f73e83b7a345d1acea607086e1,241
s2,random,20971,1,0.0005,0.001,0.001,1,0,0.2471985122311764,0.24695121951219512,5184,328,81,175026,0.23694765349148125,2.086524247770731,754e50acb0e460cd96a1b7ab4d347ed6bbe1f0ae3c3111c551285c1371d4abd1,3ac2e1638b5841ef15743d9b5df0df1e945c8955266918b8d569c55eebc61481,247
s2,random,20971,2,0.0005,0.001,0.001,1,0,0.2258356778408278,0.22560975609756098,4736,328,74,175026,0.2164706957823409,2.086524247770731,754e50acb0e460cd96a1b7ab4d347ed6bbe1f0ae3c3111c551285c1371d4abd1,f4254d924dc0e751ad905038be6af70bd4cca586b56e335cebc75764c7d5fe37,254
s2,random,20971,3,0.0005,0.001,0.001,1,0,0.26245767965285394,0.2621951219512195,5504,328,86,175026,0.25157405185515297,2.086524247770731,754e50acb0e460cd96a1b7ab4d347ed6bbe1f0ae3c3111c551285c1371d4abd1,e833ea74383a69b83d2adced8d71b30b4e927f0e18d7937a5c3bf9d4b2fa8f2b,242
