scheme,dataset,size_bytes,trial,p_sub,p_ins,p_del,replication,success,byte_accuracy,chunk_recovery,recovered_bytes,expected_chunks,recovered_chunks,total_bases,effective_bits_per_base,overhead,input_sha256,output_sha256,failures
s3,random,20971,0,0.001,0.001,0.001,4,0,0.051881169233703686,0.051829268292682924,1088,328,17,2475626,0.0035158784081278835,29.5124934433265,754e50acb0e460cd96a1b7ab4d347ed6bbe1f0ae3c3111c551285c1371d4abd1,73153fbfd19eb652ca08874c3274c30d0585a7f18eb8bca5c9ed980ef13fe62a,1295
s3,random,20971,1,0.001,0.001,0.001,4,0,0.021362834390348577,0.021341463414634148,448,328,7,2475626,0.0014477146386408933,29.5124934433265,754e50acb0e460cd96a1b7ab4d347ed6bbe1f0ae3c3111c551285c1371d4abd1,253587cd51feed5932cd464b62c56c6f9aa7778b09d86a3e5b5828c726073a4b,1305
s3,random,20971,2,0.001,0.001,0.001,4,0,0.04577750226503267,0.04573170731707317,960,328,15,2475626,0.0031022456542304853,29.5124934433265,754e50acb0e460cd96a1b7ab4d347ed6bbe1f0ae3c3111c551285c1371d4abd1,ccbcf8f0deeb1d593b078a377f198c5a17c04e515246812a7f7b635650ca438e,1297
s3,random,20971,3,0.001,0.001,0.001,4,0,0.03357016832769062,0.03353658536585366,704,328,11,2475626,0.0022749801464356893,29.5124934433265,754e50acb0e460cd96a1b7ab4d347ed6bbe1f0ae3c3111c551285c1371d4abd1,42203c7bee6220853412da8be0f566c7c0b5525b320ae52664dcf89028581ae3,1300
