scheme,dataset,size_bytes,trial,p_sub,p_ins,p_del,replication,success,byte_accuracy,chunk_recovery,recovered_bytes,expected_chunks,recovered_chunks,total_bases,effective_bits_per_base,overhead,input_sha256,output_sha256,failures
s3,random,20971,0,0.0005,0.001,0.001,4,0,0.06103666968671022,0.06097560975609756,1280,328,20,2475626,0.0041363275389739804,29.5124934433265,754e50acb0e460cd96a1b7ab4d347ed6bbe1f0ae3c3111c551285c1371d4abd1,40e4a92e5311cef6c05ba1fcac375b9e9763329fde922da4e96ae5c4d9b9807c,1289
s3,random,20971,1,0.0005,0.001,0.001,4,0,0.09155500453006533,0.09146341463414634,1920,328,30,2475626,0.006204491308460971,29.5124934433265,754e50acb0e460cd96a1b7ab4d347ed6bbe1f0ae3c3111c551285c1371d4abd1,225cf87c378990194b331850ba9e656724c9476b2d375b75e54f7ce0239bb95a,1281
s3,random,20971,2,0.0005,0.001,0.001,4,0,0.08444995469934671,0.08536585365853659,1771,328,28,2475626,0.005722996930877281,29.5124934433265,754e50acb0e460cd96a1b7ab4d347ed6bbe1f0ae3c3111c551285c1371d4abd1,8be271ee1f6fb99c9d6f87422adbdbd1336b859e98f2ad15930344b41fa4aca5,1282
s3,random,20971,3,0.0005,0.001,0.001,4,0,0.06408850317104572,0.06402439024390244,1344,328,21,2475626,0.0043431439159226795,29.5124934433265,754e50acb0e460cd96a1b7ab4d347ed6bbe1f0ae3c3111c551285c1371d4abd1,bb3c392fe0756ba739557d97cb93997aa1d1e46577b3e19f03972273ad0f316d,1291
