scheme,dataset,size_bytes,trial,p_sub,p_ins,p_del,replication,success,byte_accuracy,chunk_recovery,recovered_bytes,expected_chunks,recovered_chunks,total_bases,effective_bits_per_base,overhead,input_sha256,output_sha256,failures
s3,random,20971,0,0.0002,0.001,0.001,4,0,0.10681417195174288,0.10670731707317073,2240,328,35,2475626,0.007238573193204466,29.5124934433265,754e50acb0e460cd96a1b7ab4d347ed6bbe1f0ae3c3111c551285c1371d4abd1,b8d06995e68d991357cadc7cb40350f5e7eb0c390aca44ea0f6e715379a83dd9,1276
s3,random,20971,1,0.0002,0.001,0.001,4,0,0.08850317104572981,0.08841463414634146,1856,328,29,2475626,0.005997674931512272,29.5124934433265,754e50acb0e460cd96a1b7ab4d347ed6bbe1f0ae3c3111c551285c1371d4abd1,9ea8b622891b33da982dfec5858ad69347b3dd1990dc555112c7de49d2b6d859,1281
s3,random,20971,2,0.0002,0.001,0.001,4,0,0.1332792904487149,0.13414634146341464,2795,328,44,2475626,0.009032058962056467,29.5124934433265,754e50acb0e460cd96a1b7ab4d347ed6bbe1f0ae3c3111c551285c1371d4abd1,240174fde3caae02cb70ce3f56288d78c5e63e6cf7ebcaa11827130addaff4a2,1267
s3,random,20971,3,0.0002,0.001,0.001,4,0,0.11902150588908493,0.11890243902439024,2496,328,39,2475626,0.008065838700999263,29.5124934433265,754e50acb0e460cd96a1b7ab4d347ed6bbe1f0ae3c3111c551285c1371d4abd1,2e5eaa79037b56a3d6c1ff29e08312c4918bc3d3f8bb03aa5fc106322e4b2c67,1273
