scheme,gc_mean,max_homopolymer_mean
s1,0.45999788958451077,16.591463414634145
