scheme,gc_mean,max_homopolymer_mean
s1,0.4471317452600876,16.442922374429223
