scheme,gc_mean,max_homopolymer_mean
s1,0.43032047962375,16.073170731707318
