scheme,dataset,size_bytes,trial,p_sub,p_ins,p_del,replication,success,byte_accuracy,chunk_recovery,recovered_bytes,expected_chunks,recovered_chunks,total_bases,effective_bits_per_base,overhead,input_sha256,output_sha256,failures
s1,random,20971,0,0.001,0.001,0.001,1,0,0.14653569214629728,0.1524390243902439,3200,164,25,100284,0.2552750189461928,1.1955080825902438,754e50acb0e460cd96a1b7ab4d347ed6bbe1f0ae3c3111c551285c1371d4abd1,783ffce71ebf0f743b40fb8c431e4993a1a29c321ce8a6d9a2966ba70a6f8eda,139
s1,random,20971,1,0.001,0.001,0.001,1,0,0.14548662438605695,0.1524390243902439,3179,164,25,100284,0.2535997766343584,1.1955080825902438,754e50acb0e460cd96a1b7ab4d347ed6bbe1f0ae3c3111c551285c1371d4abd1,3a230ec6daf8a1c0a5e6ca9139d7787ada5069a2ce4cd5794e2068136f26051f,139
s1,random,20971,2,0.001,0.001,0.001,1,0,0.11596967240474941,0.12195121951219512,2560,164,20,100284,0.20422001515695426,1.1955080825902438,754e50acb0e460cd96a1b7ab4d347ed6bbe1f0ae3c3111c551285c1371d4abd1,8074da9f77252f41ec9fa89ac42041608ae672c15bd34be80ca2f39c06f97af6,144
s1,random,20971,3,0.001,0.001,0.001,1,0,0.1464880072481045,0.14634146341463414,3072,164,24,100284,0.2450640181883451,1.1955080825902438,754e50acb0e460cd96a1b7ab4d347ed6bbe1f0ae3c3111c551285c1371d4abd1,cf27a6fe4218b55778dd49237aa60355b43518d7a2447a5c606a763f2d50e655,140
