scheme,dataset,size_bytes,trial,p_sub,p_ins,p_del,replication,success,byte_accuracy,chunk_recovery,recovered_bytes,expected_chunks,recovered_chunks,total_bases,effective_bits_per_base,overhead,input_sha256,output_sha256,failures
s1,random,20971,0,0.0,0.001,0.001,1,0,0.18921367602880168,0.18902439024390244,3968,164,31,100284,0.31654102349327906,1.1955080825902438,754e50acb0e460cd96a1b7ab4d347ed6bbe1f0ae3c3111c551285c1371d4abd1,f323d53330d518f338a1208e8015726066a48207ce8d05843805e83964a5d991,133
s1,random,20971,1,0.0,0.001,0.001,1,0,0.292976014496209,0.2926829268292683,6144,164,48,100284,0.4901280363766902,1.1955080825902438,754e50acb0e460cd96a1b7ab4d347ed6bbe1f0ae3c3111c551285c1371d4abd1,06b0fe4c8b92cc7d884a1f3a595a12761c6098711ea3bb26e14ac4546d87901a,116
s1,random,20971,2,0.0,0.001,0.001,1,0,0.24414667874684087,0.24390243902439024,5120,164,40,100284,0.4084400303139085,1.1955080825902438,754e50acb0e460cd96a1b7ab4d347ed6bbe1f0ae3c3111c551285c1371d4abd1,09f33024a810082a20794b997fd9eb3828793e3b44688e45c8d45cc1a9811307,124
s1,random,20971,3,0.0,0.001,0.001,1,0,0.2563540126841829,0.25609756097560976,5376,164,42,100284,0.4288620318296039,1.1955080825902438,754e50acb0e460cd96a1b7ab4d347ed6bbe1f0ae3c3111c551285c1371d4abd1,e9ef273fc62d8dd74087db10a77efbc385866983be51d3a7a06c007b77f1773e,122
