scheme,dataset,size_bytes,trial,p_sub,p_ins,p_del,replication,success,byte_accuracy,chunk_recovery,recovered_bytes,expected_chunks,recovered_chunks,total_bases,effective_bits_per_base,overhead,input_sha256,output_sha256,failures
s1,random,20971,0,0.0002,0.001,0.001,1,0,0.2258356778408278,0.22560975609756098,4736,164,37,100284,0.37780702804036537,1.1955080825902438,754e50acb0e460cd96a1b7ab4d347ed6bbe1f0ae3c3111c551285c1371d4abd1,cb9a5862069a3438bdd7eb7ad014d33e0cc8a0f46ea1b6c014ce2f564208157e,127
s1,random,20971,1,0.0002,0.001,0.001,1,0,0.2563540126841829,0.25609756097560976,5376,164,42,100284,0.4288620318296039,1.1955080825902438,754e50acb0e460cd96a1b7ab4d347ed6bbe1f0ae3c3111c551285c1371d4abd1,a7c2170ff96489e75484bfe71bbee8c0526c748ce6ff4c311aa18df4dbec3e3c,122
s1,random,20971,2,0.0002,0.001,0.001,1,0,0.2258356778408278,0.22560975609756098,4736,164,37,100284,0.37780702804036537,1.1955080825902438,754e50acb0e460cd96a1b7ab4d347ed6bbe1f0ae3c3111c551285c1371d4abd1,06404ad248466cea9893cd74518ca3526e0f1af59190123019dad486b4b2a214,127
s1,random,20971,3,0.0002,0.001,0.001,1,0,0.20041962710409614,0.20121951219512196,4203,164,33,100284,0.3352877826971401,1.1955080825902438,754e50acb0e460cd96a1b7ab4d347ed6bbe1f0ae3c3111c551285c1371d4abd1,a3cd48430e4848e2f367ae0d40f31127a809ac641add2fd11f440f3c72170394,131
