scheme,dataset,size_bytes,trial,p_sub,p_ins,p_del,replication,success,byte_accuracy,chunk_recovery,recovered_bytes,expected_chunks,recovered_chunks,total_bases,effective_bits_per_base,overhead,input_sha256,output_sha256,failures
s1,random,20971,0,0.0005,0.001,0.001,1,0,0.17700634209145963,0.17682926829268292,3712,164,29,100284,0.29611902197758366,1.1955080825902438,754e50acb0e460cd96a1b7ab4d347ed6bbe1f0ae3c3111c551285c1371d4abd1,9736be2232595b9b1ca9827dad8fa9c798dc07181dda3d7692f2d195b7c10cde,135
s1,random,20971,1,0.0005,0.001,0.001,1,0,0.2197320108721568,0.21951219512195122,4608,164,36,100284,0.36759602728251767,1.1955080825902438,754e50acb0e460cd96a1b7ab4d347ed6bbe1f0ae3c3111c551285c1371d4abd1,69aaa4c6ccbcab510ab05e2d845f836b196e68a6b7f2ac21f1b709e1ef9e9ebb,128
s1,random,20971,2,0.0005,0.001,0.001,1,0,0.1943159601354251,0.20121951219512196,4203,164,33,100284,0.3352877826971401,1.1955080825902438,754e50acb0e460cd96a1b7ab4d347ed6bbe1f0ae3c3111c551285c1371d4abd1,45ec5497339dce8dd0c0e85e8965a68061477fba3b6172b3876a5ff8c2538a2f,131
s1,random,20971,3,0.0005,0.001,0.001,1,0,0.2197320108721568,0.21951219512195122,4608,164,36,100284,0.36759602728251767,1.1955080825902438,754e50acb0e460cd96a1b7ab4d347ed6bbe1f0ae3c3111c551285c1371d4abd1,4597dc7a034d17522e8a8531159ae26969958cd194a11a7b0cd49efdfa54153e,128
