scheme,dataset,size_bytes,trial,p_sub,p_ins,p_del,replication,success,byte_accuracy,chunk_recovery,recovered_bytes,expected_chunks,recovered_chunks,total_bases,effective_bits_per_base,overhead,input_sha256,output_sha256,failures
s2,random,20971,0,0.0,0.001,0.001,1,0,0.1403843402794335,0.1402439024390244,2944,164,23,150426,0.15656867828699825,1.7932621238853654,754e50acb0e460cd96a1b7ab4d347ed6bbe1f0ae3c3111c551285c1371d4abd1,9829b4aed22e3b275122079017aad753d92d195a151d030ad93e8c20f3034304,141
s2,random,20971,1,0.0,0.001,0.001,1,0,0.10376233846740737,0.10365853658536585,2176,164,17,150426,0.11572467525560741,1.7932621238853654,754e50acb0e460cd96a1b7ab4d347ed6bbe1f0ae3c3111c551285c1371d4abd1,9d7507ff1a17c2cbd7ea8ba161bbe9dfd5b83ab5ae5b56330fcc66ed8f34da63,147
s2,random,20971,2,0.0,0.001,0.001,1,0,0.1403843402794335,0.1402439024390244,2944,164,23,150426,0.15656867828699825,1.7932621238853654,754e50acb0e460cd96a1b7ab4d347ed6bbe1f0ae3c3111c551285c1371d4abd1,a1e179a1f2ab207f34b295227e2c3b6a1482d734e950e545b1846a29e5b8e689,141
s2,random,20971,3,0.0,0.001,0.001,1,0,0.1342806733107625,0.13414634146341464,2816,164,22,150426,0.14976134444843311,1.7932621238853654,754e50acb0e460cd96a1b7ab4d347ed6bbe1f0ae3c3111c551285c1371d4abd1,1fc3a2586b22c0ef8ac159e25af18b70b8b73ec2b6048653f2c8230ba0fee82d,142
