scheme,dataset,size_bytes,trial,p_sub,p_ins,p_del,replication,success,byte_accuracy,chunk_recovery,recovered_bytes,expected_chunks,recovered_chunks,total_bases,effective_bits_per_base,overhead,input_sha256,output_sha256,failures
s2,random,20971,0,0.001,0.001,0.001,1,0,0.053931619855991604,0.054878048780487805,1131,164,9,150426,0.06014917633919668,1.7932621238853654,754e50acb0e460cd96a1b7ab4d347ed6bbe1f0ae3c3111c551285c1371d4abd1,81ce5e025d3bebe2359c5da8e4c9073bb7237d9b90a76cacd13373fdcae72d4a,155
s2,random,20971,1,0.001,0.001,0.001,1,0,0.0549330027180392,0.054878048780487805,1152,164,9,150426,0.06126600454708628,1.7932621238853654,754e50acb0e460cd96a1b7ab4d347ed6bbe1f0ae3c3111c551285c1371d4abd1,50450efd5388aaa9fe06cbf341b3aa3e6858e5192dea560f200391a2705cdf61,155
s2,random,20971,2,0.001,0.001,0.001,1,0,0.0549330027180392,0.054878048780487805,1152,164,9,150426,0.06126600454708628,1.7932621238853654,754e50acb0e460cd96a1b7ab4d347ed6bbe1f0ae3c3111c551285c1371d4abd1,1031dcda29112e1c99569d1d7e86aba72974d4c18153ee7e79ff9b8c0a6301ce,155
s2,random,20971,3,0.001,0.001,0.001,1,0,0.03662200181202613,0.036585365853658534,768,164,6,150426,0.04084400303139085,1.7932621238853654,754e50acb0e460cd96a1b7ab4d347ed6bbe1f0ae3c3111c551285c1371d4abd1,065b7035de62a0acfc9bd617d0f128693c5bcb997b95055d26fdb1cd67577bde,158
