scheme,dataset,size_bytes,trial,p_sub,p_ins,p_del,replication,success,byte_accuracy,chunk_recovery,recovered_bytes,expected_chunks,recovered_chunks,total_bases,effective_bits_per_base,overhead,input_sha256,output_sha256,failures
s2,random,20971,0,0.0002,0.001,0.001,1,0,0.08545133756139431,0.09146341463414634,1899,164,15,150426,0.10099317937058754,1.7932621238853654,754e50acb0e460cd96a1b7ab4d347ed6bbe1f0ae3c3111c551285c1371d4abd1,4841793f938c6633bcab733bf4e468327ac1f00cbb468ca7b74ad21afee49767,149
s2,random,20971,1,0.0002,0.001,0.001,1,0,0.10376233846740737,0.10365853658536585,2176,164,17,150426,0.11572467525560741,1.7932621238853654,754e50acb0e460cd96a1b7ab4d347ed6bbe1f0ae3c3111c551285c1371d4abd1,8b28f4a31844182f995fe2abd2b6e6c665b527ea4c45f71fa7421bbf8b6ce007,147
s2,random,20971,2,0.0002,0.001,0.001,1,0,0.10376233846740737,0.10365853658536585,2176,164,17,150426,0.11572467525560741,1.7932621238853654,754e50acb0e460cd96a1b7ab4d347ed6bbe1f0ae3c3111c551285c1371d4abd1,9a5ce003f402ba119eba4d5750750e96d49065a4926f31e6c3bf7c2c47944c2f,147
s2,random,20971,3,0.0002,0.001,0.001,1,0,0.0549330027180392,0.054878048780487805,1152,164,9,150426,0.06126600454708628,1.7932621238853654,754e50acb0e460cd96a1b7ab4d347ed6bbe1f0ae3c3111c551285c1371d4abd1,d4fdecd75502f692c72f84a2fa6457550268d34b2abc35bf1e6c9532a0eace12,155
