scheme,dataset,size_bytes,trial,p_sub,p_ins,p_del,replication,success,byte_accuracy,chunk_recovery,recovered_bytes,expected_chunks,recovered_chunks,total_bases,effective_bits_per_base,overhead,input_sha256,output_sha256,failures
s3,random,20971,0,0.0,0.001,0.001,4,0,0.07934767059272328,0.07926829268292683,1664,164,13,1615610,0.008239612282667228,19.26004959229412,754e50acb0e460cd96a1b7ab4d347ed6bbe1f0ae3c3111c551285c1371d4abd1,1ffe7d6eeff0ad84659298c10b48709c1973be552095f83501d4a4d874ce1a47,642
s3,random,20971,1,0.0,0.001,0.001,4,0,0.04882933574936817,0.04878048780487805,1024,164,8,1615610,0.005070530635487525,19.26004959229412,754e50acb0e460cd96a1b7ab4d347ed6bbe1f0ae3c3111c551285c1371d4abd1,648423e20cab000c8c1314c0d69f463d0e9bd186346f5787426bd15efd090544,648
s3,random,20971,2,0.0,0.001,0.001,4,0,0.03051833484335511,0.03048780487804878,640,164,5,1615610,0.003169081647179703,19.26004959229412,754e50acb0e460cd96a1b7ab4d347ed6bbe1f0ae3c3111c551285c1371d4abd1,77b75606a7385e21b2bd8d0e66b2e096b095fc99a0bc888b207372943d2d441f,651
s3,random,20971,3,0.0,0.001,0.001,4,0,0.07934767059272328,0.07926829268292683,1664,164,13,1615610,0.008239612282667228,19.26004959229412,754e50acb0e460cd96a1b7ab4d347ed6bbe1f0ae3c3111c551285c1371d4abd1,f93cb1984d39dcb56ae9ca178a48654cd76ee135034cdb9c0c40c38e48048982,643
