scheme,dataset,size_bytes,trial,p_sub,p_ins,p_del,replication,success,byte_accuracy,chunk_recovery,recovered_bytes,expected_chunks,recovered_chunks,total_bases,effective_bits_per_base,overhead,input_sha256,output_sha256,failures
s3,random,20971,0,0.0005,0.001,0.001,4,0,0.0549330027180392,0.054878048780487805,1152,164,9,1615610,0.005704346964923466,19.26004959229412,754e50acb0e460cd96a1b7ab4d347ed6bbe1f0ae3c3111c551285c1371d4abd1,d10993a86b92d4640b355c2a41c812d39827f4c92ba2a8a8b97b8183c15d7f4d,647
s3,random,20971,1,0.0005,0.001,0.001,4,0,0.024414667874684087,0.024390243902439025,512,164,4,1615610,0.0025352653177437624,19.26004959229412,754e50acb0e460cd96a1b7ab4d347ed6bbe1f0ae3c3111c551285c1371d4abd1,bcb7a6d62baede80b8f19671df9b6f1f03df7d6c4e8895fedd6aaf6121190754,652
s3,random,20971,2,0.0005,0.001,0.001,4,0,0.042725668780697154,0.042682926829268296,896,164,7,1615610,0.004436714306051584,19.26004959229412,754e50acb0e460cd96a1b7ab4d347ed6bbe1f0ae3c3111c551285c1371d4abd1,35ac2712316175a0195bb7c9baf68d5df962853db39e27f5a24af010fca4cb79,648
s3,random,20971,3,0.0005,0.001,0.001,4,0,0.006103666968671022,0.006097560975609756,128,164,1,1615610,0.0006338163294359406,19.26004959229412,754e50acb0e460cd96a1b7ab4d347ed6bbe1f0ae3c3111c551285c1371d4abd1,d057bf41226802150a1a280d5d6bc441e1db2d7b862aba726ae0303cd317ff27,655
