scheme,dataset,size_bytes,trial,p_sub,p_ins,p_del,replication,success,byte_accuracy,chunk_recovery,recovered_bytes,expected_chunks,recovered_chunks,total_bases,effective_bits_per_base,overhead,input_sha256,output_sha256,failures
s3,random,20971,0,0.0002,0.001,0.001,4,0,0.053931619855991604,0.054878048780487805,1131,164,9,1615610,0.005600361473375381,19.26004959229412,754e50acb0e460cd96a1b7ab4d347ed6bbe1f0ae3c3111c551285c1371d4abd1,3b1f8718f586a97111cd2beb7525c984e79f9e5725a45411c5ded68cb13befd6,647
s3,random,20971,1,0.0002,0.001,0.001,4,0,0.03662200181202613,0.036585365853658534,768,164,6,1615610,0.003802897976615644,19.26004959229412,754e50acb0e460cd96a1b7ab4d347ed6bbe1f0ae3c3111c551285c1371d4abd1,2ab386723a9bc9e0fab7d0fa643b2d9da4a216ce18ba9d329e145fd683e2e99e,650
s3,random,20971,2,0.0002,0.001,0.001,4,0,0.018311000906013064,0.018292682926829267,384,164,3,1615610,0.001901448988307822,19.26004959229412,754e50acb0e460cd96a1b7ab4d347ed6bbe1f0ae3c3111c551285c1371d4abd1,740b320de8e6cda250b373aa554569b1f697ae954797ffd44b92a5642a6ce4f2,653
s3,random,20971,3,0.0002,0.001,0.001,4,0,0.012207333937342043,0.012195121951219513,256,164,2,1615610,0.0012676326588718812,19.26004959229412,754e50acb0e460cd96a1b7ab4d347ed6bbe1f0ae3c3111c551285c1371d4abd1,c6ca1eecbdd98b2474fe101f3bb641de8cfc5a6df3da8791a0ccfb4484303067,654
