scheme,dataset,size_bytes,trial,p_sub,p_ins,p_del,replication,success,byte_accuracy,chunk_recovery,recovered_bytes,expected_chunks,recovered_chunks,total_bases,effective_bits_per_base,overhead,input_sha256,output_sha256,failures
s3,random,20971,0,0.001,0.001,0.001,4,0,0.006103666968671022,0.006097560975609756,128,164,1,1615610,0.0006338163294359406,19.26004959229412,754e50acb0e460cd96a1b7ab4d347ed6bbe1f0ae3c3111c551285c1371d4abd1,e7ad1933680a05437b32958736fd84dd7133523bb22e86c4a436827a685c0d27,655
s3,random,20971,1,0.001,0.001,0.001,4,0,0.012207333937342043,0.012195121951219513,256,164,2,1615610,0.0012676326588718812,19.26004959229412,754e50acb0e460cd96a1b7ab4d347ed6bbe1f0ae3c3111c551285c1371d4abd1,756b7760895687981c911e92b5d5bca9d597b2b9d964bffa7bd7ba22e4948c85,654
s3,random,20971,2,0.001,0.001,0.001,4,0,0.006103666968671022,0.006097560975609756,128,164,1,1615610,0.0006338163294359406,19.26004959229412,754e50acb0e460cd96a1b7ab4d347ed6bbe1f0ae3c3111c551285c1371d4abd1,a42101c3e43a503c43aa0504267979fd60ff46e38eacb82f99ced27bcb54cfb7,655
s3,random,20971,3,0.001,0.001,0.001,4,0,0.0,0.0,0,164,0,1615610,0.0,19.26004959229412,754e50acb0e460cd96a1b7ab4d347ed6bbe1f0ae3c3111c551285c1371d4abd1,e3b0c44298fc1c149afbf4c8996fb92427ae41e4649b934ca495991b7852b855,656
