scheme,gc_mean,max_homopolymer_mean
s1,0.4780797857424236,17.182926829268293
