scheme,gc_mean,max_homopolymer_mean
s1,0.4803492815757063,15.858536585365854
