scheme,gc_mean,max_homopolymer_mean
s1,0.49335630287774085,15.3427734375
