scheme,gc_mean,max_homopolymer_mean
s1,0.4938612456237214,18.61904761904762
