scheme,dataset,size_bytes,trial,p_sub,p_ins,p_del,replication,success,byte_accuracy,chunk_recovery,recovered_bytes,expected_chunks,recovered_chunks,total_bases,effective_bits_per_base,overhead,input_sha256,output_sha256,failures
s1,random,20971,0,0.0,0.001,0.001,1,0,0.3224929664775166,0.3333333333333333,6955,219,73,105784,0.5259774635105497,1.2610748176052644,754e50acb0e460cd96a1b7ab4d347ed6bbe1f0ae3c3111c551285c1371d4abd1,c209d25227323f473efe623c7480e646dd0c23991cc3a68ab54e3fa892fc9b49,145
s1,random,20971,1,0.0,0.001,0.001,1,0,0.29755376472271233,0.2968036529680365,6240,219,65,105784,0.47190501399077367,1.2610748176052644,754e50acb0e460cd96a1b7ab4d347ed6bbe1f0ae3c3111c551285c1371d4abd1,9c15fe3eb6f535d153d84f494cf46066d17557b1c6cfbd72de7c715114b28a3c,154
s1,random,20971,2,0.0,0.001,0.001,1,0,0.3158647656287254,0.3150684931506849,6624,219,69,105784,0.500945322544052,1.2610748176052644,754e50acb0e460cd96a1b7ab4d347ed6bbe1f0ae3c3111c551285c1371d4abd1,777824fa6dd10ae14d3e2794a00065b656f3d5821fd1ea8dbe1dff522b55bad0,150
s1,random,20971,3,0.0,0.001,0.001,1,0,0.29960421534500026,0.3059360730593607,6379,219,67,105784,0.48241700068063226,1.2610748176052644,754e50acb0e460cd96a1b7ab4d347ed6bbe1f0ae3c3111c551285c1371d4abd1,add902406ff67e3d0cf0590e09cdd1a5c9a52f5ffe8f607cfdd4c76a700f3e1a,152
