scheme,dataset,size_bytes,trial,p_sub,p_ins,p_del,replication,success,byte_accuracy,chunk_recovery,recovered_bytes,expected_chunks,recovered_chunks,total_bases,effective_bits_per_base,overhead,input_sha256,output_sha256,failures
s1,random,20971,0,0.0002,0.001,0.001,1,0,0.29960421534500026,0.3059360730593607,6379,219,67,105784,0.48241700068063226,1.2610748176052644,754e50acb0e460cd96a1b7ab4d347ed6bbe1f0ae3c3111c551285c1371d4abd1,222028186b70457fb91417ab413b9d0371c21d308db87c5ee6fa49b52c4cad00,152
s1,random,20971,1,0.0002,0.001,0.001,1,0,0.2883982642697058,0.2968036529680365,6240,219,65,105784,0.47190501399077367,1.2610748176052644,754e50acb0e460cd96a1b7ab4d347ed6bbe1f0ae3c3111c551285c1371d4abd1,387c15ea6f1b6f89419468932e0afbd2547a97bc5e59f7e20ac01e22113564a5,153
s1,random,20971,2,0.0002,0.001,0.001,1,0,0.292976014496209,0.2922374429223744,6144,219,64,105784,0.46464493685245406,1.2610748176052644,754e50acb0e460cd96a1b7ab4d347ed6bbe1f0ae3c3111c551285c1371d4abd1,f145ac466ea8878f9bf1e8bd4f827f2101e78f3b474ddcfda1f02b9eeac3cee3,155
s1,random,20971,3,0.0002,0.001,0.001,1,0,0.33417576653473846,0.3378995433789954,7104,219,74,105784,0.53724570823565,1.2610748176052644,754e50acb0e460cd96a1b7ab4d347ed6bbe1f0ae3c3111c551285c1371d4abd1,94bf7c2b8cc4b582d3f0d6df6f947637b3c2428d809fbf335beb742ba0747bf2,145
