scheme,dataset,size_bytes,trial,p_sub,p_ins,p_del,replication,success,byte_accuracy,chunk_recovery,recovered_bytes,expected_chunks,recovered_chunks,total_bases,effective_bits_per_base,overhead,input_sha256,output_sha256,failures
s2,random,20971,0,0.0005,0.001,0.001,1,0,0.15564350770111104,0.1552511415525114,3264,219,34,158676,0.1645617484685775,1.8916122264078967,754e50acb0e460cd96a1b7ab4d347ed6bbe1f0ae3c3111c551285c1371d4abd1,a06c0adcd733d8e422fa504c80b99476c7633ea5d3cf830a7d13609f8652d2df,185
s2,random,20971,1,0.0005,0.001,0.001,1,0,0.13733250679509798,0.136986301369863,2880,219,30,158676,0.14520154276639188,1.8916122264078967,754e50acb0e460cd96a1b7ab4d347ed6bbe1f0ae3c3111c551285c1371d4abd1,0263e1832068a0559b17eb5a1eaca146055cf10c38b1bdfbbd08c05ed0ea9ce2,189
s2,random,20971,2,0.0005,0.001,0.001,1,0,0.1464880072481045,0.1461187214611872,3072,219,32,158676,0.1548816456174847,1.8916122264078967,754e50acb0e460cd96a1b7ab4d347ed6bbe1f0ae3c3111c551285c1371d4abd1,0fa90ac1f53a3684952b640d74e6e67abb064812313b9b884019b8a498de494f,187
s2,random,20971,3,0.0005,0.001,0.001,1,0,0.1510657574746078,0.1506849315068493,3168,219,33,158676,0.15972169704303107,1.8916122264078967,754e50acb0e460cd96a1b7ab4d347ed6bbe1f0ae3c3111c551285c1371d4abd1,8c3247353b5bdd3801fd2f4da8b52253f291f0f7c272863f01fee890b29837f0,186
