scheme,dataset,size_bytes,trial,p_sub,p_ins,p_del,replication,success,byte_accuracy,chunk_recovery,recovered_bytes,expected_chunks,recovered_chunks,total_bases,effective_bits_per_base,overhead,input_sha256,output_sha256,failures
s2,random,20971,0,0.001,0.001,0.001,1,0,0.10528825520957513,0.1050228310502283,2208,219,23,158676,0.11132118278756711,1.8916122264078967,754e50acb0e460cd96a1b7ab4d347ed6bbe1f0ae3c3111c551285c1371d4abd1,4b0a5b078287b2290544ad1122c99ab3e7c31d0d0ec60c5786b66cb78c5de435,196
s2,random,20971,1,0.001,0.001,0.001,1,0,0.11444375566258166,0.1141552511415525,2400,219,25,158676,0.12100128563865992,1.8916122264078967,754e50acb0e460cd96a1b7ab4d347ed6bbe1f0ae3c3111c551285c1371d4abd1,a973aa608fa4e2952a7f66d49ac34c3e8e6fb411367dc2da2dd47cd4409bef4f,194
s2,random,20971,2,0.001,0.001,0.001,1,0,0.11649420628486958,0.1187214611872146,2443,219,26,158676,0.1231692253396859,1.8916122264078967,754e50acb0e460cd96a1b7ab4d347ed6bbe1f0ae3c3111c551285c1371d4abd1,401240449d06a0700f68d04eedca334672322c3d059e4a9fb12b6d8e1a548bf6,193
s2,random,20971,3,0.001,0.001,0.001,1,0,0.09818320537885651,0.1004566210045662,2059,219,22,158676,0.10380901963750032,1.8916122264078967,754e50acb0e460cd96a1b7ab4d347ed6bbe1f0ae3c3111c551285c1371d4abd1,83b330a530e54ea5f2c583a3c16cbf001dde1814fd563bcd7bcfbd9c9d8d464c,197
