scheme,dataset,size_bytes,trial,p_sub,p_ins,p_del,replication,success,byte_accuracy,chunk_recovery,recovered_bytes,expected_chunks,recovered_chunks,total_bases,effective_bits_per_base,overhead,input_sha256,output_sha256,failures
s3,random,20971,0,0.001,0.001,0.001,3,0,0.022888751132516334,0.0228310502283105,480,219,5,1425570,0.0026936593783539217,16.99454007915693,754e50acb0e460cd96a1b7ab4d347ed6bbe1f0ae3c3111c551285c1371d4abd1,311c19b223293eabec2303d24fc828533353c3150b56111c6db8a9f02c061dec,652
s3,random,20971,1,0.001,0.001,0.001,3,0,0.03662200181202613,0.0365296803652968,768,219,8,1425570,0.004309855005366275,16.99454007915693,754e50acb0e460cd96a1b7ab4d347ed6bbe1f0ae3c3111c551285c1371d4abd1,f1872e53c49b8ad1b4aa30e2ab46d16fc1b3f103596248bccd10fcdf27eaf571,649
s3,random,20971,2,0.001,0.001,0.001,3,0,0.004577750226503266,0.0045662100456621,96,219,1,1425570,0.0005387318756707843,16.99454007915693,754e50acb0e460cd96a1b7ab4d347ed6bbe1f0ae3c3111c551285c1371d4abd1,5babab38517c80ce93cb9a3d9c1e2e6f3939600c8f97f964b092cce736489718,656
s3,random,20971,3,0.001,0.001,0.001,3,0,0.009155500453006532,0.0091324200913242,192,219,2,1425570,0.0010774637513415687,16.99454007915693,754e50acb0e460cd96a1b7ab4d347ed6bbe1f0ae3c3111c551285c1371d4abd1,78c5e3000501a6eb0f35776f31092a30fc7da97d48e30514bb919604fe42c751,655
