scheme,dataset,size_bytes,trial,p_sub,p_ins,p_del,replication,success,byte_accuracy,chunk_recovery,recovered_bytes,expected_chunks,recovered_chunks,total_bases,effective_bits_per_base,overhead,input_sha256,output_sha256,failures
s3,random,20971,0,0.0,0.001,0.001,3,0,0.0961327547565686,0.0958904109589041,2016,219,21,1425570,0.01131336938908647,16.99454007915693,754e50acb0e460cd96a1b7ab4d347ed6bbe1f0ae3c3111c551285c1371d4abd1,dfe5c68712e4dc3dfe232d949dcbff35fe4b937310a072a54940c7e6467c909e,634
s3,random,20971,1,0.0,0.001,0.001,3,0,0.0274665013590196,0.0273972602739726,576,219,6,1425570,0.003232391254024706,16.99454007915693,754e50acb0e460cd96a1b7ab4d347ed6bbe1f0ae3c3111c551285c1371d4abd1,3ebab4fcdbeddb6d66fccb353b59418bf6e4b8c12cefd4823b7e471f2438b947,651
s3,random,20971,2,0.0,0.001,0.001,3,0,0.03409470220781079,0.0365296803652968,715,219,8,1425570,0.004012430115673029,16.99454007915693,754e50acb0e460cd96a1b7ab4d347ed6bbe1f0ae3c3111c551285c1371d4abd1,3244cdd9af4ec236c01991fcc3ba5e78857ad032d53348159fec2254d9d51441,649
s3,random,20971,3,0.0,0.001,0.001,3,0,0.05035525249153593,0.0502283105022831,1056,219,11,1425570,0.005926050632378627,16.99454007915693,754e50acb0e460cd96a1b7ab4d347ed6bbe1f0ae3c3111c551285c1371d4abd1,f0552fac638b4cc5b865c6a874accf05d4cd153bd16ae9ff1d47fe0d80d6f7f7,646
