scheme,dataset,size_bytes,trial,p_sub,p_ins,p_del,replication,success,byte_accuracy,chunk_recovery,recovered_bytes,expected_chunks,recovered_chunks,total_bases,effective_bits_per_base,overhead,input_sha256,output_sha256,failures
s1,random,20971,0,0.0005,0.001,0.001,1,0,0.26298221353297413,0.273972602739726,5707,219,60,105784,0.43159646071239505,1.2610748176052644,754e50acb0e460cd96a1b7ab4d347ed6bbe1f0ae3c3111c551285c1371d4abd1,11dad11992b58e093150c482ca7fcfc8ee9af787a4676917e1429717c7ab5e7f,159
s1,random,20971,1,0.0005,0.001,0.001,1,0,0.29960421534500026,0.3059360730593607,6379,219,67,105784,0.48241700068063226,1.2610748176052644,754e50acb0e460cd96a1b7ab4d347ed6bbe1f0ae3c3111c551285c1371d4abd1,dfc87670cd47089dfe58c9c0a088102ff6818907cfc31e4f03c4bc90cf6f969a,152
s1,random,20971,2,0.0005,0.001,0.001,1,0,0.25177626245767964,0.2557077625570776,5376,219,56,105784,0.4065643197458973,1.2610748176052644,754e50acb0e460cd96a1b7ab4d347ed6bbe1f0ae3c3111c551285c1371d4abd1,853e8fee8d567f798de40d98032632c0063d904529fdd6d24d43482a8b6dc3c6,163
s1,random,20971,3,0.0005,0.001,0.001,1,0,0.2126269610414382,0.2146118721461187,4459,219,47,105784,0.33721545791424035,1.2610748176052644,754e50acb0e460cd96a1b7ab4d347ed6bbe1f0ae3c3111c551285c1371d4abd1,b6bd52de5acefa2fcb1ed8c24b77a7659f238abe6142564bee1e26e065011f36,172
