scheme,dataset,size_bytes,trial,p_sub,p_ins,p_del,replication,success,byte_accuracy,chunk_recovery,recovered_bytes,expected_chunks,recovered_chunks,total_bases,effective_bits_per_base,overhead,input_sha256,output_sha256,failures
s3,random,20971,0,0.0,0.001,0.001,4,0,0.05035525249153593,0.0502283105022831,1056,219,11,2235312,0.003779338186347141,26.647656287253827,754e50acb0e460cd96a1b7ab4d347ed6bbe1f0ae3c3111c551285c1371d4abd1,66678f413e65c871a3af4ffe967522925ade0355b97276e133b38cd725d91f81,864
s3,random,20971,1,0.0,0.001,0.001,4,0,0.018311000906013064,0.0182648401826484,384,219,4,2235312,0.0013743047950353238,26.647656287253827,754e50acb0e460cd96a1b7ab4d347ed6bbe1f0ae3c3111c551285c1371d4abd1,3c9a295fa4e05b172a0ad56f406876aaee4c2f41cd7a87e3426db4f48e6bcae2,872
s3,random,20971,2,0.0,0.001,0.001,4,0,0.047827952887320585,0.0502283105022831,1003,219,11,2235312,0.0035896554932823696,26.647656287253827,754e50acb0e460cd96a1b7ab4d347ed6bbe1f0ae3c3111c551285c1371d4abd1,22b9800c4cde14b3590fe06eb326a1379da15686c23a92be0bb07889c9a1faa9,865
s3,random,20971,3,0.0,0.001,0.001,4,0,0.047827952887320585,0.0502283105022831,1003,219,11,2235312,0.0035896554932823696,26.647656287253827,754e50acb0e460cd96a1b7ab4d347ed6bbe1f0ae3c3111c551285c1371d4abd1,35549b9a4859f538e07543859882e6eee29e3599330e4655cf3fcd0f57652435,865
