scheme,dataset,size_bytes,trial,p_sub,p_ins,p_del,replication,success,byte_accuracy,chunk_recovery,recovered_bytes,expected_chunks,recovered_chunks,total_bases,effective_bits_per_base,overhead,input_sha256,output_sha256,failures
s3,random,20971,0,0.0005,0.001,0.001,4,0,0.004577750226503266,0.0045662100456621,96,219,1,2235312,0.00034357619875883096,26.647656287253827,754e50acb0e460cd96a1b7ab4d347ed6bbe1f0ae3c3111c551285c1371d4abd1,79212e2899e12a608778ace1fc40a1f58f62540ba5f23510c76f3b5da34c3e00,875
s3,random,20971,1,0.0005,0.001,0.001,4,0,0.0137332506795098,0.0136986301369863,288,219,3,2235312,0.0010307285962764929,26.647656287253827,754e50acb0e460cd96a1b7ab4d347ed6bbe1f0ae3c3111c551285c1371d4abd1,68ea09e914086c2b3c842b647f32ba469d6066eb66ad8afdd1ce077d1c897310,873
s3,random,20971,2,0.0005,0.001,0.001,4,0,0.0274665013590196,0.0273972602739726,576,219,6,2235312,0.0020614571925529858,26.647656287253827,754e50acb0e460cd96a1b7ab4d347ed6bbe1f0ae3c3111c551285c1371d4abd1,57a488e1a6cc84e7ac84eb810b3bfeaa7a469717c637dfa27b8a4263aa5c9902,870
s3,random,20971,3,0.0005,0.001,0.001,4,0,0.04577750226503267,0.045662100456621,960,219,10,2235312,0.00343576198758831,26.647656287253827,754e50acb0e460cd96a1b7ab4d347ed6bbe1f0ae3c3111c551285c1371d4abd1,2459c25cc21a047b5032dfd28f6921f25a6559941b363a44b9f675bce246e0c0,866
