scheme,dataset,size_bytes,trial,p_sub,p_ins,p_del,replication,success,byte_accuracy,chunk_recovery,recovered_bytes,expected_chunks,recovered_chunks,total_bases,effective_bits_per_base,overhead,input_sha256,output_sha256,failures
s3,random,20971,0,0.001,0.001,0.001,4,0,0.009155500453006532,0.0091324200913242,192,219,2,2235312,0.0006871523975176619,26.647656287253827,754e50acb0e460cd96a1b7ab4d347ed6bbe1f0ae3c3111c551285c1371d4abd1,abd9c1fcc87c4570059a2ac91253b1b5c1ffe868e2451c8ed61c5fe2b734a530,874
s3,random,20971,1,0.001,0.001,0.001,4,0,0.0137332506795098,0.0136986301369863,288,219,3,2235312,0.0010307285962764929,26.647656287253827,754e50acb0e460cd96a1b7ab4d347ed6bbe1f0ae3c3111c551285c1371d4abd1,be8278233fc21bd5b1633ab195e417778c8df8ffd326ee04e4bd460ce64c0e15,873
s3,random,20971,2,0.001,0.001,0.001,4,0,0.022888751132516334,0.0228310502283105,480,219,5,2235312,0.001717880993794155,26.647656287253827,754e50acb0e460cd96a1b7ab4d347ed6bbe1f0ae3c3111c551285c1371d4abd1,5429849e7c5d3f2cb604fec718642aa9d4bf611be99297bcfd3a4943434ff51f,871
s3,random,20971,3,0.001,0.001,0.001,4,0,0.004577750226503266,0.0045662100456621,96,219,1,2235312,0.00034357619875883096,26.647656287253827,754e50acb0e460cd96a1b7ab4d347ed6bbe1f0ae3c3111c551285c1371d4abd1,62187ce03c8b367c10c66645f62d7c9756d06c5aa615d13d1c483f6efa3f777d,875
