scheme,dataset,size_bytes,trial,p_sub,p_ins,p_del,replication,success,byte_accuracy,chunk_recovery,recovered_bytes,expected_chunks,recovered_chunks,total_bases,effective_bits_per_base,overhead,input_sha256,output_sha256,failures
s3,random,20971,0,0.0002,0.001,0.001,4,0,0.03662200181202613,0.0365296803652968,768,219,8,2235312,0.0027486095900706477,26.647656287253827,754e50acb0e460cd96a1b7ab4d347ed6bbe1f0ae3c3111c551285c1371d4abd1,8a8e86a3b0e5ff721f230d51be85ae296a01651509804f3f32b20a0f82471e30,868
s3,random,20971,1,0.0002,0.001,0.001,4,0,0.04577750226503267,0.045662100456621,960,219,10,2235312,0.00343576198758831,26.647656287253827,754e50acb0e460cd96a1b7ab4d347ed6bbe1f0ae3c3111c551285c1371d4abd1,a2fe63ca6af630c37b78948b965005700d0d6817a0b5118e9bf3b86d4280f19d,866
s3,random,20971,2,0.0002,0.001,0.001,4,0,0.04577750226503267,0.045662100456621,960,219,10,2235312,0.00343576198758831,26.647656287253827,754e50acb0e460cd96a1b7ab4d347ed6bbe1f0ae3c3111c551285c1371d4abd1,cc2a657ace721735db6eb7c3c039fa1eba1477890b6dd10bc63226bbb75b03c3,866
s3,random,20971,3,0.0002,0.001,0.001,4,0,0.018311000906013064,0.0182648401826484,384,219,4,2235312,0.0013743047950353238,26.647656287253827,754e50acb0e460cd96a1b7ab4d347ed6bbe1f0ae3c3111c551285c1371d4abd1,66f0aad041026b7eb956c0a5590bbf3f2b5c043317ee2a4765aa39bcd1b115ae,872
