scheme,gc_mean,max_homopolymer_mean
s1,0.47641088954070276,14.671875
